Name,Sex,Birthplace,Birthplace_UF,Year,City,Sport,Event,Medal
Ademir Roque Kaefer,M,Toledo,Paraná,1984,Los Angeles,Football,Football Men's Football,Silver
Ademir Roque Kaefer,M,Toledo,Paraná,1988,Seoul,Football,Football Men's Football,Silver
Adenízia Aparecida Ferreira da Silva,F,Ibiaí,Minas Gerais,2012,London,Volleyball,Volleyball Women's Volleyball,Gold
Daniel Adler,M,Rio de Janeiro,Rio de Janeiro,1984,Los Angeles,Sailing,Sailing Mixed Three Person Keelboat,Silver
Adriana Aparecida dos Santos,F,São Bernardo do Campo,São Paulo,1996,Atlanta,Basketball,Basketball Women's Basketball,Silver
Adriana Aparecida dos Santos,F,São Bernardo do Campo,São Paulo,2000,Sydney,Basketball,Basketball Women's Basketball,Bronze
"Adriana ""Adrianinha"" Moisés Pinto",F,Franca,São Paulo,2000,Sydney,Basketball,Basketball Women's Basketball,Bronze
Aldair Santos do Nascimento,M,Ilhéus,Bahia,1996,Atlanta,Football,Football Men's Football,Bronze
Alessandra dos Santos de Oliveira,F,São Paulo,São Paulo,1996,Atlanta,Basketball,Basketball Women's Basketball,Silver
Alessandra dos Santos de Oliveira,F,São Paulo,São Paulo,2000,Sydney,Basketball,Basketball Women's Basketball,Bronze
Alex Sandro Lobo Silva,M,Catanduva,São Paulo,2012,London,Football,Football Men's Football,Silver
"Alexandre ""Alexandre Pato"" Rodrigues da Silva",M,Pato Branco,Paraná,2008,Beijing,Football,Football Men's Football,Bronze
"Alexandre ""Alexandre Pato"" Rodrigues da Silva",M,Pato Branco,Paraná,2012,London,Football,Football Men's Football,Silver
"Zenny ""Algodão"" de Azevedo",M,Rio de Janeiro,Rio de Janeiro,1948,London,Basketball,Basketball Men's Basketball,Bronze
"Zenny ""Algodão"" de Azevedo",M,Rio de Janeiro,Rio de Janeiro,1960,Roma,Basketball,Basketball Men's Basketball,Bronze
Aline Pellegrino,F,São Paulo,São Paulo,2004,Athina,Football,Football Women's Football,Silver
Aloísio Pires Alves,M,Pelotas,Rio Grande do Sul,1988,Seoul,Football,Football Men's Football,Silver
Thiago Soares Alves,M,Porto Alegre,Rio Grande do Sul,2012,London,Volleyball,Volleyball Men's Volleyball,Silver
"Alexandre ""Amaral"" da Silva Mariano",M,Capivari,São Paulo,1996,Atlanta,Football,Football Men's Football,Bronze
Amauri Ribeiro,M,São Paulo,São Paulo,1984,Los Angeles,Volleyball,Volleyball Men's Volleyball,Silver
Amauri Ribeiro,M,São Paulo,São Paulo,1992,Barcelona,Volleyball,Volleyball Men's Volleyball,Gold
Amaury Antônio Pasos,M,São Paulo,São Paulo,1960,Roma,Basketball,Basketball Men's Basketball,Bronze
Amaury Antônio Pasos,M,São Paulo,São Paulo,1964,Tokyo,Basketball,Basketball Men's Basketball,Bronze
Ana Flávia Chritaro Daniel Sanglard,F,Belo Horizonte,Minas Gerais,1996,Atlanta,Volleyball,Volleyball Women's Volleyball,Bronze
Ana Paula Rodrigues Connelly (-Rodrigues Henkel),F,Lavras,Minas Gerais,1996,Atlanta,Volleyball,Volleyball Women's Volleyball,Bronze
Anderson Luís de Abreu Oliveira,M,Porto Alegre,Rio Grande do Sul,2008,Beijing,Football,Football Men's Football,Bronze
Anderson de Oliveira Rodrigues,M,Belo Horizonte,Minas Gerais,2004,Athina,Volleyball,Volleyball Men's Volleyball,Gold
Anderson de Oliveira Rodrigues,M,Belo Horizonte,Minas Gerais,2008,Beijing,Volleyball,Volleyball Men's Volleyball,Silver
Jorge Luís Andrade da Silva,M,Juiz de Fora,Minas Gerais,1988,Seoul,Football,Football Men's Football,Silver
André Luiz Moreira,M,São Paulo,São Paulo,1996,Atlanta,Football,Football Men's Football,Bronze
André Luís dos Santos Ferreira,M,Porto Alegre,Rio Grande do Sul,1984,Los Angeles,Football,Football Men's Football,Silver
Andréia Suntaque,F,Nova Cantu,Paraná,2004,Athina,Football,Football Women's Football,Silver
Andréia Suntaque,F,Nova Cantu,Paraná,2008,Beijing,Football,Football Women's Football,Silver
Adriana dos Santos Araújo,F,Salvador,Bahia,2012,London,Boxing,Boxing Women's Lightweight,Bronze
William Peixoto Arjona,M,São Paulo,São Paulo,2016,Rio de Janeiro,Volleyball,Volleyball Men's Volleyball,Gold
"Antônio Carlos ""Badalhoca"" Gueiros Ribeiro",M,Rio de Janeiro,Rio de Janeiro,1984,Los Angeles,Volleyball,Volleyball Men's Volleyball,Silver
Bárbara Micheline do Monte Barbosa,F,Recife,Pernambuco,2008,Beijing,Football,Football Women's Football,Silver
Dario Barbosa,M,Porto Alegre,Rio Grande do Sul,1920,Antwerpen,Shooting,"Shooting Men's Free Pistol, 50 metres, Team",Bronze
João Batista Viana Santos,M,Uberlândia,Minas Gerais,1988,Seoul,Football,Football Men's Football,Silver
"José Roberto ""Bebeto"" Gama de Oliveira",M,Salvador,Bahia,1988,Seoul,Football,Football Men's Football,Silver
"José Roberto ""Bebeto"" Gama de Oliveira",M,Salvador,Bahia,1996,Atlanta,Football,Football Men's Football,Bronze
Bernard Rajzman,M,Rio de Janeiro,Rio de Janeiro,1984,Los Angeles,Volleyball,Volleyball Men's Volleyball,Silver
"Bernardo ""Bernardinho"" Rocha de Rezende",M,Rio de Janeiro,Rio de Janeiro,1984,Los Angeles,Volleyball,Volleyball Men's Volleyball,Silver
"Ubiratan ""Bira"" Pereira Maciel",M,São Paulo,São Paulo,1964,Tokyo,Basketball,Basketball Men's Basketball,Bronze
Lars Sigurd Bjorkstrom,M,Gotemburgo,Exterior,1980,Moskva,Sailing,Sailing Mixed Multihull,Gold
Moysés Blás,M,Belo Horizonte,Minas Gerais,1960,Roma,Basketball,Basketball Men's Basketball,Bronze
Waldemar Blatskauskas,M,São Paulo,São Paulo,1960,Roma,Basketball,Basketball Men's Basketball,Bronze
Waldyr Geraldo Boccardo,M,São Manuel,São Paulo,1960,Roma,Basketball,Basketball Men's Basketball,Bronze
Gustavo França Borges,M,Ituverava,São Paulo,1992,Barcelona,Swimming,Swimming Men's 100 metres Freestyle,Silver
Gustavo França Borges,M,Ituverava,São Paulo,1996,Atlanta,Swimming,Swimming Men's 100 metres Freestyle,Bronze
Gustavo França Borges,M,Ituverava,São Paulo,1996,Atlanta,Swimming,Swimming Men's 200 metres Freestyle,Silver
Gustavo França Borges,M,Ituverava,São Paulo,2000,Sydney,Swimming,Swimming Men's 4 x 100 metres Freestyle Relay,Bronze
Maurício Borges Almeida Silva,M,Maceió,Alagoas,2016,Rio de Janeiro,Volleyball,Volleyball Men's Volleyball,Gold
"Maria Angélica ""Branca"" Gonçalves da Silva",F,Osvaldo Cruz,São Paulo,1996,Atlanta,Basketball,Basketball Women's Basketball,Silver
João Francisco Bráz,M,São Paulo,São Paulo,1948,London,Basketball,Basketball Men's Basketball,Bronze
Thiago Braz da Silva,M,Marília,São Paulo,2016,Rio de Janeiro,Athletics,Athletics Men's Pole Vault,Gold
Breno Vinicius Rodrigues Borges,M,Cruzeiro,São Paulo,2008,Beijing,Football,Football Men's Football,Bronze
"Bruno ""Bruninho"" Mossa de Rezende",M,Rio de Janeiro,Rio de Janeiro,2008,Beijing,Volleyball,Volleyball Men's Volleyball,Silver
"Bruno ""Bruninho"" Mossa de Rezende",M,Rio de Janeiro,Rio de Janeiro,2012,London,Volleyball,Volleyball Men's Volleyball,Silver
"Bruno ""Bruninho"" Mossa de Rezende",M,Rio de Janeiro,Rio de Janeiro,2016,Rio de Janeiro,Volleyball,Volleyball Men's Volleyball,Gold
Tiago Henrique de Oliveira Camilo,M,Tupã,São Paulo,2000,Sydney,Judo,Judo Men's Lightweight,Silver
Tiago Henrique de Oliveira Camilo,M,Tupã,São Paulo,2008,Beijing,Judo,Judo Men's Half-Middleweight,Bronze
Flávio Vianna De Ulhôa Canto,M,Oxford,Exterior,2004,Athina,Judo,Judo Men's Half-Middleweight,Bronze
Rogério Sampaio Cardoso,M,Santos,São Paulo,1992,Barcelona,Judo,Judo Men's Half-Lightweight,Gold
"Hamilton ""Careca"" de Souza",M,Passos,Minas Gerais,1988,Seoul,Football,Football Men's Football,Silver
"Antônio Carlos ""Carlo"" Aguilar Gouveia",M,Rio Branco,Acre,1992,Barcelona,Volleyball,Volleyball Men's Volleyball,Gold
Walter Carmona,M,São Paulo,São Paulo,1984,Los Angeles,Judo,Judo Men's Middleweight,Bronze
"Carolina ""Carol"" Demartini de Albuquerque",F,Porto Alegre,Rio Grande do Sul,2008,Beijing,Volleyball,Volleyball Women's Volleyball,Gold
"Francisco Carlos ""Chico"" Martins Vidal",M,Rio Brilhante,Mato Grosso do Sul,1984,Los Angeles,Football,Football Men's Football,Silver
César Augusto Cielo Filho,M,Santa Bárbara d'Oeste,São Paulo,2008,Beijing,Swimming,Swimming Men's 50 metres Freestyle,Gold
César Augusto Cielo Filho,M,Santa Bárbara d'Oeste,São Paulo,2008,Beijing,Swimming,Swimming Men's 100 metres Freestyle,Bronze
César Augusto Cielo Filho,M,Santa Bárbara d'Oeste,São Paulo,2012,London,Swimming,Swimming Men's 50 metres Freestyle,Bronze
Cíntia Silva dos Santos,F,Mauá,São Paulo,1996,Atlanta,Basketball,Basketball Women's Basketball,Silver
Cíntia Silva dos Santos,F,Mauá,São Paulo,2000,Sydney,Basketball,Basketball Women's Basketball,Bronze
Cláudia Maria Pastor,F,Barão de Cocais,Minas Gerais,1996,Atlanta,Basketball,Basketball Women's Basketball,Silver
"Cláudia Maria ""Claudinha"" das Neves",F,Guarujá,São Paulo,2000,Sydney,Basketball,Basketball Women's Basketball,Bronze
Flávio da Conceição,M,Santa Maria da Serra,São Paulo,1996,Atlanta,Football,Football Men's Football,Bronze
Robson Donato Conceição,M,Salvador,Bahia,2016,Rio de Janeiro,Boxing,Boxing Men's Lightweight,Gold
Reinaldo Conrad,M,São Paulo,São Paulo,1968,Mexico City,Sailing,Sailing Mixed Two Person Heavyweight Dinghy,Bronze
Reinaldo Conrad,M,São Paulo,São Paulo,1976,Montreal,Sailing,Sailing Mixed Two Person Heavyweight Dinghy,Bronze
Burkhard Cordes,M,Darmstadt,Exterior,1968,Mexico City,Sailing,Sailing Mixed Two Person Heavyweight Dinghy,Bronze
Cristiane Rozeira de Souza Silva,F,Osasco,São Paulo,2004,Athina,Football,Football Women's Football,Silver
Cristiane Rozeira de Souza Silva,F,Osasco,São Paulo,2008,Beijing,Football,Football Women's Football,Silver
André Alves da Cruz,M,Piracicaba,São Paulo,1988,Seoul,Football,Football Men's Football,Silver
Joaquim Carvalho Cruz,M,Taguatinga,Distrito Federal,1984,Los Angeles,Athletics,Athletics Men's 800 metres,Gold
Joaquim Carvalho Cruz,M,Taguatinga,Distrito Federal,1988,Seoul,Athletics,Athletics Men's 800 metres,Silver
Milton Cruz,M,Cubatão,São Paulo,1984,Los Angeles,Football,Football Men's Football,Silver
José Telles da Conceição,M,Rio de Janeiro,Rio de Janeiro,1952,Helsinki,Athletics,Athletics Men's High Jump,Bronze
Afrânio Antônio da Costa,M,Macaé,Rio de Janeiro,1920,Antwerpen,Shooting,"Shooting Men's Free Pistol, 50 metres",Silver
Afrânio Antônio da Costa,M,Macaé,Rio de Janeiro,1920,Antwerpen,Shooting,"Shooting Men's Free Pistol, 50 metres, Team",Bronze
Alfredo Rodrigues da Motta,M,Rio de Janeiro,Rio de Janeiro,1948,London,Basketball,Basketball Men's Basketball,Bronze
Adhemar Ferreira da Silva,M,São Paulo,São Paulo,1952,Helsinki,Athletics,Athletics Men's Triple Jump,Gold
Adhemar Ferreira da Silva,M,São Paulo,São Paulo,1956,Melbourne,Athletics,Athletics Men's Triple Jump,Gold
André Domingos da Silva,M,Santo André,São Paulo,1996,Atlanta,Athletics,Athletics Men's 4 x 100 metres Relay,Bronze
André Domingos da Silva,M,Santo André,São Paulo,2000,Sydney,Athletics,Athletics Men's 4 x 100 metres Relay,Silver
Arnaldo de Oliveira da Silva,M,Rio de Janeiro,Rio de Janeiro,1996,Atlanta,Athletics,Athletics Men's 4 x 100 metres Relay,Bronze
Claudinei Quirino da Silva,M,Lençóis Paulista,São Paulo,2000,Sydney,Athletics,Athletics Men's 4 x 100 metres Relay,Silver
Mayra Aguiar da Silva,F,Porto Alegre,Rio Grande do Sul,2012,London,Judo,Judo Women's Half-Heavyweight,Bronze
Mayra Aguiar da Silva,F,Porto Alegre,Rio Grande do Sul,2016,Rio de Janeiro,Judo,Judo Women's Half-Heavyweight,Bronze
Rafael Carlos da Silva,M,Campo Grande,Mato Grosso do Sul,2012,London,Judo,Judo Men's Heavyweight,Bronze
Rafael Carlos da Silva,M,Campo Grande,Mato Grosso do Sul,2016,Rio de Janeiro,Judo,Judo Men's Heavyweight,Bronze
Robson Caetano da Silva,M,Rio de Janeiro,Rio de Janeiro,1988,Seoul,Athletics,Athletics Men's 200 metres,Bronze
Robson Caetano da Silva,M,Rio de Janeiro,Rio de Janeiro,1996,Atlanta,Athletics,Athletics Men's 4 x 100 metres Relay,Bronze
Leandro Damião da Silva dos Santos,M,Jardim Alegre,Paraná,2012,London,Football,Football Men's Football,Silver
Daniela Alves Lima,F,São Paulo,São Paulo,2004,Athina,Football,Football Women's Football,Silver
Daniela Alves Lima,F,São Paulo,São Paulo,2008,Beijing,Football,Football Women's Football,Silver
Danilo Luiz da Silva,M,Bicas,Minas Gerais,2012,London,Football,Football Men's Football,Silver
Dante Guimarães Santos do Amaral,M,Itumbiara,Goiás,2004,Athina,Volleyball,Volleyball Men's Volleyball,Gold
Dante Guimarães Santos do Amaral,M,Itumbiara,Goiás,2008,Beijing,Volleyball,Volleyball Men's Volleyball,Silver
Dante Guimarães Santos do Amaral,M,Itumbiara,Goiás,2012,London,Volleyball,Volleyball Men's Volleyball,Silver
"David ""Davi"" Cortes da Silva",M,Rio de Janeiro,Rio de Janeiro,1984,Los Angeles,Football,Football Men's Football,Silver
Luiz Felipe Cortizo Gonçalves de Azevedo,M,Rio de Janeiro,Rio de Janeiro,1996,Atlanta,Equestrianism,"Equestrianism Mixed Jumping, Team",Bronze
Luiz Felipe Cortizo Gonçalves de Azevedo,M,Rio de Janeiro,Rio de Janeiro,2000,Sydney,Equestrianism,"Equestrianism Mixed Jumping, Team",Bronze
Bruno Lins Tenório de Barros,M,Maceió,Alagoas,2008,Beijing,Athletics,Athletics Men's 4 x 100 metres Relay,Bronze
Ruy de Freitas,M,Macaé,Rio de Janeiro,1948,London,Basketball,Basketball Men's Basketball,Bronze
Vanderlei Cordeiro de Lima,M,Cruzeiro do Oeste,Paraná,2004,Athina,Athletics,Athletics Men's Marathon,Bronze
Vicente Lenílson de Lima,M,Currais Novos,Rio Grande do Norte,2000,Sydney,Athletics,Athletics Men's 4 x 100 metres Relay,Silver
Vicente Lenílson de Lima,M,Currais Novos,Rio Grande do Norte,2008,Beijing,Athletics,Athletics Men's 4 x 100 metres Relay,Bronze
João Carlos de Oliveira,M,Pindamonhangaba,São Paulo,1976,Montreal,Athletics,Athletics Men's Triple Jump,Bronze
João Carlos de Oliveira,M,Pindamonhangaba,São Paulo,1980,Moskva,Athletics,Athletics Men's Triple Jump,Bronze
Servílio Sebastião de Oliveira,M,São Paulo,São Paulo,1968,Mexico City,Boxing,Boxing Men's Flyweight,Bronze
Cyro Marques Delgado,M,União da Vitória,Paraná,1980,Moskva,Swimming,Swimming Men's 4 x 200 metres Freestyle Relay,Bronze
Marcus Vinícius Dias,M,Rio de Janeiro,Rio de Janeiro,1948,London,Basketball,Basketball Men's Basketball,Bronze
"Nelson de Jesus ""Dida"" Silva",M,Irará,Bahia,1996,Atlanta,Football,Football Men's Football,Bronze
Diego Ribas da Cunha,M,Ribeirão Preto,São Paulo,2008,Beijing,Football,Football Men's Football,Bronze
"Alvaro Affonso ""Doda"" de Miranda Neto",M,São Paulo,São Paulo,1996,Atlanta,Equestrianism,"Equestrianism Mixed Jumping, Team",Bronze
"Alvaro Affonso ""Doda"" de Miranda Neto",M,São Paulo,São Paulo,2000,Sydney,Equestrianism,"Equestrianism Mixed Jumping, Team",Bronze
"Domingos ""Domingos Maracanã"" Lampariello Neto",M,São Paulo,São Paulo,1984,Los Angeles,Volleyball,Volleyball Men's Volleyball,Silver
Manoel dos Santos Júnior,M,Guararapes,São Paulo,1960,Roma,Swimming,Swimming Men's 100 metres Freestyle,Bronze
Douglas Chiarotti,M,Santo André,São Paulo,1992,Barcelona,Volleyball,Volleyball Men's Volleyball,Gold
Douglas dos Santos Justino de Melo,M,João Pessoa,Paraíba,2016,Rio de Janeiro,Football,Football Men's Football,Gold
"Carlos Caetano ""Dunga"" Bledorn Verri",M,Ijuí,Rio Grande do Sul,1984,Los Angeles,Football,Football Men's Football,Silver
Éder Francis Carbonera,M,Farroupilha,Rio Grande do Sul,2016,Rio de Janeiro,Volleyball,Volleyball Men's Volleyball,Gold
Edmar Bernardes dos Santos,M,Araxá,Minas Gerais,1988,Seoul,Football,Football Men's Football,Silver
"Edson ""Edson Bispo"" Bispo dos Santos",M,Rio de Janeiro,Rio de Janeiro,1960,Roma,Basketball,Basketball Men's Basketball,Bronze
"Edson ""Edson Bispo"" Bispo dos Santos",M,Rio de Janeiro,Rio de Janeiro,1964,Tokyo,Basketball,Basketball Men's Basketball,Bronze
Elaine Estrela Moura,F,Salvador,Bahia,2004,Athina,Football,Football Women's Football,Silver
Elisângela Almeida de Oliveira,F,Londrina,Paraná,2000,Sydney,Volleyball,Volleyball Women's Volleyball,Bronze
Érika Cristiano dos Santos,F,São Paulo,São Paulo,2008,Beijing,Football,Football Women's Football,Silver
"Sérgio ""Escadinha"" Dutra dos Santos",M,Diamante do Norte,Paraná,2004,Athina,Volleyball,Volleyball Men's Volleyball,Gold
"Sérgio ""Escadinha"" Dutra dos Santos",M,Diamante do Norte,Paraná,2008,Beijing,Volleyball,Volleyball Men's Volleyball,Silver
"Sérgio ""Escadinha"" Dutra dos Santos",M,Diamante do Norte,Paraná,2012,London,Volleyball,Volleyball Men's Volleyball,Silver
"Sérgio ""Escadinha"" Dutra dos Santos",M,Diamante do Norte,Paraná,2016,Rio de Janeiro,Volleyball,Volleyball Men's Volleyball,Gold
Ester Aperecida dos Santos,F,São Paulo,São Paulo,2008,Beijing,Football,Football Women's Football,Silver
Affonso de Azevedo Évora,M,Rio de Janeiro,Rio de Janeiro,1948,London,Basketball,Basketball Men's Basketball,Bronze
"Fabiana ""Fabi"" Alvim de Oliveira",F,Rio de Janeiro,Rio de Janeiro,2008,Beijing,Volleyball,Volleyball Women's Volleyball,Gold
"Fabiana ""Fabi"" Alvim de Oliveira",F,Rio de Janeiro,Rio de Janeiro,2012,London,Volleyball,Volleyball Women's Volleyball,Gold
Fabiana da Silva Simões,F,Salvador,Bahia,2008,Beijing,Football,Football Women's Football,Silver
Fabiana Marcelino Claudino,F,Santa Luzia,Minas Gerais,2008,Beijing,Volleyball,Volleyball Women's Volleyball,Gold
Fabiana Marcelino Claudino,F,Santa Luzia,Minas Gerais,2012,London,Volleyball,Volleyball Women's Volleyball,Gold
Natália Falavigna Silva,F,Maringá,Paraná,2008,Beijing,Taekwondo,Taekwondo Women's Heavyweight,Bronze
Nelson Falcão,M,Rio de Janeiro,Rio de Janeiro,1988,Seoul,Sailing,Sailing Mixed Two Person Keelboat,Bronze
Yamaguchi Falcão Florentino,M,São Mateus,Espírito Santo,2012,London,Boxing,Boxing Men's Light-Heavyweight,Bronze
Felipe Anderson Pereira Gomes,M,Brasília,Distrito Federal,2016,Rio de Janeiro,Football,Football Men's Football,Gold
Fernanda Porto Venturini,F,Araraquara,São Paulo,1996,Atlanta,Volleyball,Volleyball Women's Volleyball,Bronze
"Fernando ""Fernandão"" Roscio de Ávila",M,São Paulo,São Paulo,1984,Los Angeles,Volleyball,Volleyball Men's Volleyball,Silver
"Fernanda ""Fernandinha"" Ferreira",F,Rio de Janeiro,Rio de Janeiro,2012,London,Volleyball,Volleyball Women's Volleyball,Gold
"Fernando ""Fernando Brobró"" Pereira de Freitas",M,Niterói,Rio de Janeiro,1960,Roma,Basketball,Basketball Men's Basketball,Bronze
Marcelo Bastos Ferreira,M,Niterói,Rio de Janeiro,1996,Atlanta,Sailing,Sailing Mixed Two Person Keelboat,Gold
Marcelo Bastos Ferreira,M,Niterói,Rio de Janeiro,2000,Sydney,Sailing,Sailing Mixed Two Person Keelboat,Bronze
Marcelo Bastos Ferreira,M,Niterói,Rio de Janeiro,2004,Athina,Sailing,Sailing Men's Two Person Keelboat,Gold
Peter Ficker,M,São Paulo,São Paulo,1976,Montreal,Sailing,Sailing Mixed Two Person Heavyweight Dinghy,Bronze
"Ericléia ""Filó"" Bodziak",F,Curitiba,Paraná,1996,Atlanta,Volleyball,Volleyball Women's Volleyball,Bronze
Esquiva Falcão Florentino,M,Vitória,Espírito Santo,2012,London,Boxing,Boxing Men's Middleweight,Silver
"Hélia ""Fofão"" Rogério de Souza Pinto",F,São Paulo,São Paulo,1996,Atlanta,Volleyball,Volleyball Women's Volleyball,Bronze
"Hélia ""Fofão"" Rogério de Souza Pinto",F,São Paulo,São Paulo,2000,Sydney,Volleyball,Volleyball Women's Volleyball,Bronze
"Hélia ""Fofão"" Rogério de Souza Pinto",F,São Paulo,São Paulo,2008,Beijing,Volleyball,Volleyball Women's Volleyball,Gold
"Miraildes ""Formiga"" Maciel Mota",F,Salvador,Bahia,2004,Athina,Football,Football Women's Football,Silver
"Miraildes ""Formiga"" Maciel Mota",F,Salvador,Bahia,2008,Beijing,Football,Football Women's Football,Silver
Francielle Manoel Alberto,F,São Paulo,São Paulo,2008,Beijing,Football,Football Women's Football,Silver
Clinio Freitas,M,Niterói,Rio de Janeiro,1988,Seoul,Sailing,Sailing Mixed Multihull,Bronze
"Friedrich Wilhelm ""Fritz"" Braun",M,Rio de Janeiro,Rio de Janeiro,1964,Tokyo,Basketball,Basketball Men's Basketball,Bronze
Gabriel Vasconcellos Ferreira,M,Unaí,Minas Gerais,2012,London,Football,Football Men's Football,Silver
Gabriel Barbosa Almeida,M,São Bernardo do Campo,São Paulo,2016,Rio de Janeiro,Football,Football Men's Football,Gold
Gabriel Fernando de Jesus,M,São Paulo,São Paulo,2016,Rio de Janeiro,Football,Football Men's Football,Gold
Mauro Geraldo Galvão,M,Porto Alegre,Rio Grande do Sul,1984,Los Angeles,Football,Football Men's Football,Silver
"Paulo Henrique ""Ganso"" de Chagas Lima",M,Ananindeua,Pará,2012,London,Football,Football Men's Football,Silver
Fernanda Garay Rodrigues,F,Porto Alegre,Rio Grande do Sul,2012,London,Volleyball,Volleyball Women's Volleyball,Gold
Alexandre Gemignani Ferreira,M,São Paulo,São Paulo,1948,London,Basketball,Basketball Men's Basketball,Bronze
Geovani Faria da Silva,M,Vitória,Espírito Santo,1988,Seoul,Football,Football Men's Football,Silver
"Gilberto Amauri ""Giba"" de Godoy Filho",M,Londrina,Paraná,2004,Athina,Volleyball,Volleyball Men's Volleyball,Gold
"Gilberto Amauri ""Giba"" de Godoy Filho",M,Londrina,Paraná,2008,Beijing,Volleyball,Volleyball Men's Volleyball,Silver
"Gilberto Amauri ""Giba"" de Godoy Filho",M,Londrina,Paraná,2012,London,Volleyball,Volleyball Men's Volleyball,Silver
Gilmar Luís Rinaldi,M,Erechim,Rio Grande do Sul,1984,Los Angeles,Football,Football Men's Football,Silver
"Augilmar ""Gilmar Popoca"" Silva de Oliveira",M,Manaus,Amazonas,1984,Los Angeles,Football,Football Men's Football,Silver
Giovane Farinazzo Gávio,M,Juiz de Fora,Minas Gerais,1992,Barcelona,Volleyball,Volleyball Men's Volleyball,Gold
Giovane Farinazzo Gávio,M,Juiz de Fora,Minas Gerais,2004,Athina,Volleyball,Volleyball Men's Volleyball,Gold
Lars Schmidt Grael,M,São Paulo,São Paulo,1988,Seoul,Sailing,Sailing Mixed Multihull,Bronze
Lars Schmidt Grael,M,São Paulo,São Paulo,1996,Atlanta,Sailing,Sailing Mixed Multihull,Bronze
Martine Soffiatti Grael,F,Niterói,Rio de Janeiro,2016,Rio de Janeiro,Sailing,Sailing Women's Skiff,Gold
Torben Schmidt Grael,M,São Paulo,São Paulo,1984,Los Angeles,Sailing,Sailing Mixed Three Person Keelboat,Silver
Torben Schmidt Grael,M,São Paulo,São Paulo,1988,Seoul,Sailing,Sailing Mixed Two Person Keelboat,Bronze
Torben Schmidt Grael,M,São Paulo,São Paulo,1996,Atlanta,Sailing,Sailing Mixed Two Person Keelboat,Gold
Torben Schmidt Grael,M,São Paulo,São Paulo,2000,Sydney,Sailing,Sailing Mixed Two Person Keelboat,Bronze
Torben Schmidt Grael,M,São Paulo,São Paulo,2004,Athina,Sailing,Sailing Men's Two Person Keelboat,Gold
Grazielle Pinheiro Guimarães Nascimento,F,Brasília,Distrito Federal,2004,Athina,Football,Football Women's Football,Silver
Evandro Motta Marcondes Guerra,M,Ibirá,São Paulo,2016,Rio de Janeiro,Volleyball,Volleyball Men's Volleyball,Gold
Ronaldo Guiaro,M,Piracicaba,São Paulo,1996,Atlanta,Football,Football Men's Football,Bronze
Leandro Marques Guilheiro,M,Suzano,São Paulo,2004,Athina,Judo,Judo Men's Lightweight,Bronze
Leandro Marques Guilheiro,M,Suzano,São Paulo,2008,Beijing,Judo,Judo Men's Lightweight,Bronze
Henrique Carlos Serra Azul Guimarães,M,São Paulo,São Paulo,1996,Atlanta,Judo,Judo Men's Half-Lightweight,Bronze
Gustavo Endres,M,Passo Fundo,Rio Grande do Sul,2004,Athina,Volleyball,Volleyball Men's Volleyball,Gold
Gustavo Endres,M,Passo Fundo,Rio Grande do Sul,2008,Beijing,Volleyball,Volleyball Men's Volleyball,Silver
Helen Cristina Santos Luz,F,Araçatuba,São Paulo,2000,Sydney,Basketball,Basketball Women's Basketball,Bronze
André Heller,M,Novo Hamburgo,Rio Grande do Sul,2004,Athina,Volleyball,Volleyball Men's Volleyball,Gold
André Heller,M,Novo Hamburgo,Rio Grande do Sul,2008,Beijing,Volleyball,Volleyball Men's Volleyball,Silver
Anderson Hernanes de Carvalho Andrade Lima,M,Recife,Pernambuco,2008,Beijing,Football,Football Men's Football,Bronze
Hilma Aparecida Caldeira,F,Diamantina,Minas Gerais,1996,Atlanta,Volleyball,Volleyball Women's Volleyball,Bronze
Carlos Eduardo Honorato,M,São Paulo,São Paulo,2000,Sydney,Judo,Judo Men's Middleweight,Silver
Hortência Maria de Fátima Marcari Oliva,F,Potirendaba,São Paulo,1996,Atlanta,Basketball,Basketball Women's Basketball,Silver
"Givanildo ""Hulk"" Vieira de Sousa",M,Campina Grande,Paraíba,2012,London,Football,Football Men's Football,Silver
Diego Matias Hypólito,M,Santo André,São Paulo,2016,Rio de Janeiro,Gymnastics,Gymnastics Men's Floor Exercise,Silver
"Ana Margarida ""Ida"" Vieira Álvares",F,São Paulo,São Paulo,1996,Atlanta,Volleyball,Volleyball Women's Volleyball,Bronze
"Ilson Pereira ""Ilsinho"" Dias Jnior",M,São Bernardo do Campo,São Paulo,2008,Beijing,Football,Football Men's Football,Bronze
Chiaki Ishii,M,Ashikaga,Exterior,1972,Munich,Judo,Judo Men's Half-Heavyweight,Bronze
Janelson dos Santos Carvalho,M,Porto Alegre,Rio Grande do Sul,1992,Barcelona,Volleyball,Volleyball Men's Volleyball,Gold
Janeth dos Santos Arcain,F,Carapicuíba,São Paulo,1996,Atlanta,Basketball,Basketball Women's Basketball,Silver
Janeth dos Santos Arcain,F,Carapicuíba,São Paulo,2000,Sydney,Basketball,Basketball Women's Basketball,Bronze
Janina Déia Chagas da Conceição,F,Rio de Janeiro,Rio de Janeiro,2000,Sydney,Volleyball,Volleyball Women's Volleyball,Bronze
"Jaqueline Maria ""Jaque"" Pereira de Carvalho Endres",F,Recife,Pernambuco,2008,Beijing,Volleyball,Volleyball Women's Volleyball,Gold
"Jaqueline Maria ""Jaque"" Pereira de Carvalho Endres",F,Recife,Pernambuco,2012,London,Volleyball,Volleyball Women's Volleyball,Gold
Jatyr Eduardo Schall,M,São Paulo,São Paulo,1960,Roma,Basketball,Basketball Men's Basketball,Bronze
Jatyr Eduardo Schall,M,São Paulo,São Paulo,1964,Tokyo,Basketball,Basketball Men's Basketball,Bronze
Carlos Alberto Borges Jayme,M,Goiânia,Goiás,2000,Sydney,Swimming,Swimming Men's 4 x 100 metres Freestyle Relay,Bronze
"João ""Jô"" Alves de Assis Silva",M,São Paulo,São Paulo,2008,Beijing,Football,Football Men's Football,Bronze
"Sérgio Luís ""João Paulo"" Donizetti",M,Campinas,São Paulo,1988,Seoul,Football,Football Men's Football,Silver
André Bier Gerdau Johannpeter,M,Porto Alegre,Rio Grande do Sul,1996,Atlanta,Equestrianism,"Equestrianism Mixed Jumping, Team",Bronze
André Bier Gerdau Johannpeter,M,Porto Alegre,Rio Grande do Sul,2000,Sydney,Equestrianism,"Equestrianism Mixed Jumping, Team",Bronze
Jorge Edson Souza de Brito,M,Porto Alegre,Rio Grande do Sul,1992,Barcelona,Volleyball,Volleyball Men's Volleyball,Gold
"Jorge José ""Jorginho"" de Amorim Campos",M,Rio de Janeiro,Rio de Janeiro,1988,Seoul,Football,Football Men's Football,Silver
Juan Guilherme Nunes Jesus,M,Belo Horizonte,Minas Gerais,2012,London,Football,Football Men's Football,Silver
Juliana Ribeiro Cabral,F,São Paulo,São Paulo,2004,Athina,Football,Football Women's Football,Silver
"Oswaldo ""Juninho Paulista"" Giroldo Júnior",M,São Paulo,São Paulo,1996,Atlanta,Football,Football Men's Football,Bronze
Karin Rodrigues,F,São Paulo,São Paulo,2000,Sydney,Volleyball,Volleyball Women's Volleyball,Bronze
Kátia Andreia Caldeira Lopes,F,Barranquilla,Exterior,2000,Sydney,Volleyball,Volleyball Women's Volleyball,Bronze
Kelly da Silva Santos,F,São Paulo,São Paulo,2000,Sydney,Basketball,Basketball Women's Basketball,Bronze
Kelly Cristina Pereira da Silva,F,Rio de Janeiro,Rio de Janeiro,2004,Athina,Football,Football Women's Football,Silver
Kely Kolasco Fraga,F,Belo Horizonte,Minas Gerais,2000,Sydney,Volleyball,Volleyball Women's Volleyball,Bronze
"Érika Kelly ""Kiki"" Pereira Coimbra",F,Belo Horizonte,Minas Gerais,2000,Sydney,Volleyball,Volleyball Women's Volleyball,Bronze
"João ""Kita"" Leithardt Neto",M,Passo Fundo,Rio Grande do Sul,1984,Los Angeles,Football,Football Men's Football,Silver
Felipe Eidji Kitadai,M,São Paulo,São Paulo,2012,London,Judo,Judo Men's Extra-Lightweight,Bronze
"Renata Aparecida ""Kóki"" da Costa",F,Assaí,Paraná,2004,Athina,Football,Football Women's Football,Silver
"Renata Aparecida ""Kóki"" da Costa",F,Assaí,Paraná,2008,Beijing,Football,Football Women's Football,Silver
Kahena Kunze,F,São Paulo,São Paulo,2016,Rio de Janeiro,Sailing,Sailing Women's Skiff,Gold
Leila de Souza Sobral Freitas,F,São Paulo,São Paulo,1996,Atlanta,Basketball,Basketball Women's Basketball,Silver
Leila de Gomes de Barros,F,Brasília,Distrito Federal,1996,Atlanta,Volleyball,Volleyball Women's Volleyball,Bronze
Leila de Gomes de Barros,F,Brasília,Distrito Federal,2000,Sydney,Volleyball,Volleyball Women's Volleyball,Bronze
Jorge Luiz Fernandes Leite,M,Rio de Janeiro,Rio de Janeiro,1980,Moskva,Swimming,Swimming Men's 4 x 200 metres Freestyle Relay,Bronze
Lilian Cristina Lopes Gonçalves,F,Sorocaba,São Paulo,2000,Sydney,Basketball,Basketball Women's Basketball,Bronze
"Danielle ""Dani"" Rodrigues Lins",F,Recife,Pernambuco,2012,London,Volleyball,Volleyball Women's Volleyball,Gold
Luan Guilherme de Jesus Vieira,M,São José do Rio Preto,São Paulo,2016,Rio de Janeiro,Football,Football Men's Football,Gold
Luan Garcia Teixeira,M,Vitória,Espírito Santo,2016,Rio de Janeiro,Football,Football Men's Football,Gold
Ricardo Samuel Lucarelli Santos de Souza,M,Contagem,Minas Gerais,2016,Rio de Janeiro,Volleyball,Volleyball Men's Volleyball,Gold
Lucas Pezzini Leiva,M,Dourados,Mato Grosso do Sul,2008,Beijing,Football,Football Men's Football,Bronze
Lucas Rodrigues Moura da Silva,M,São Paulo,São Paulo,2012,London,Football,Football Men's Football,Silver
Luiz Felipe Marques Fonteles,M,Curitiba,Paraná,2016,Rio de Janeiro,Volleyball,Volleyball Men's Volleyball,Gold
"Luiz Carlos ""Luizão"" Bombonato Goulart",M,Rubinéia,São Paulo,1996,Atlanta,Football,Football Men's Football,Bronze
Djan Garrido Madruga,M,Santos,São Paulo,1980,Moskva,Swimming,Swimming Men's 4 x 200 metres Freestyle Relay,Bronze
Maurren Higa Maggi,F,São Carlos,São Paulo,2008,Beijing,Athletics,Athletics Women's Long Jump,Gold
"Marcelo ""Marcelinho"" Elgarten",M,Rio de Janeiro,Rio de Janeiro,2008,Beijing,Volleyball,Volleyball Men's Volleyball,Silver
"Marcelo José ""Marcelinho Paulista"" de Souza",M,Cotia,São Paulo,1996,Atlanta,Football,Football Men's Football,Bronze
Marcelo Vieira da Silva Júnior,M,Rio de Janeiro,Rio de Janeiro,2008,Beijing,Football,Football Men's Football,Bronze
Marcelo Vieira da Silva Júnior,M,Rio de Janeiro,Rio de Janeiro,2012,London,Football,Football Men's Football,Silver
"Márcia Regina ""Márcia Fu"" Cunha",F,Juiz de Fora,Minas Gerais,1996,Atlanta,Volleyball,Volleyball Women's Volleyball,Bronze
Marcus Vinícius Simões Freire,M,Bento Gonçalves,Rio Grande do Sul,1984,Los Angeles,Volleyball,Volleyball Men's Volleyball,Silver
"Marianne ""Mari"" Steinbrecher",F,São Paulo,São Paulo,2008,Beijing,Volleyball,Volleyball Women's Volleyball,Gold
Arthur Nory Oyakawa Mariano,M,Campinas,São Paulo,2016,Rio de Janeiro,Gymnastics,Gymnastics Men's Floor Exercise,Bronze
Wlamir Marques,M,São Vicente,São Paulo,1960,Roma,Basketball,Basketball Men's Basketball,Bronze
Wlamir Marques,M,São Vicente,São Paulo,1964,Tokyo,Basketball,Basketball Men's Basketball,Bronze
Yane Márcia Campos da Fonseca Marques,F,Afogados da Ingazeira,Pernambuco,2012,London,Modern Pentathlon,Modern Pentathlon Women's Individual,Bronze
"Marcos ""Marquinhos"" Aoás Corrêa",M,São Paulo,São Paulo,2016,Rio de Janeiro,Football,Football Men's Football,Gold
Alberto Marson,M,Casa Branca,São Paulo,1948,London,Basketball,Basketball Men's Basketball,Bronze
Marta Vieira da Silva,F,Dois Riachos,Alagoas,2004,Athina,Football,Football Women's Football,Silver
Marta Vieira da Silva,F,Dois Riachos,Alagoas,2008,Beijing,Football,Football Women's Football,Silver
Marcus Laborne Mattioli,M,Belo Horizonte,Minas Gerais,1980,Moskva,Swimming,Swimming Men's 4 x 200 metres Freestyle Relay,Bronze
Maurício Camargo Lima,M,Campinas,São Paulo,1992,Barcelona,Volleyball,Volleyball Men's Volleyball,Gold
Maurício Camargo Lima,M,Campinas,São Paulo,2004,Athina,Volleyball,Volleyball Men's Volleyball,Gold
Maurine Dorneles Gonçalves,F,Rio Grande,Rio Grande do Sul,2008,Beijing,Football,Football Women's Football,Silver
"Andréia ""Maycon"" dos Santos",F,Lages,Santa Catarina,2004,Athina,Football,Football Women's Football,Silver
"Andréia ""Maycon"" dos Santos",F,Lages,Santa Catarina,2008,Beijing,Football,Football Women's Football,Silver
Sarah Gabrielle Cabral de Menezes,F,Teresina,Piauí,2012,London,Judo,Judo Women's Extra-Lightweight,Gold
Aurélio Fernández Miguel,M,São Paulo,São Paulo,1988,Seoul,Judo,Judo Men's Half-Heavyweight,Gold
Aurélio Fernández Miguel,M,São Paulo,São Paulo,1996,Atlanta,Judo,Judo Men's Half-Heavyweight,Bronze
Milton Luiz de Souza Filho,M,Rio de Janeiro,Rio de Janeiro,1988,Seoul,Football,Football Men's Football,Silver
Victor Mirshauswka,M,Cherni,Exterior,1964,Tokyo,Basketball,Basketball Men's Basketball,Bronze
Mônica Angélica de Paula,F,São Carlos,São Paulo,2004,Athina,Football,Football Women's Football,Silver
José Montanaro Júnior,M,São Paulo,São Paulo,1984,Los Angeles,Volleyball,Volleyball Men's Volleyball,Silver
José Carlos Gomes Moreira,M,Codó,Maranhão,2008,Beijing,Athletics,Athletics Men's 4 x 100 metres Relay,Bronze
Ana Beatriz Moser,F,Blumenau,Santa Catarina,1996,Atlanta,Volleyball,Volleyball Women's Volleyball,Bronze
"Carlos ""Mosquito"" Domingos Massoni",M,São Paulo,São Paulo,1960,Roma,Basketball,Basketball Men's Basketball,Bronze
"Carlos ""Mosquito"" Domingos Massoni",M,São Paulo,São Paulo,1964,Tokyo,Basketball,Basketball Men's Basketball,Bronze
Murilo Endres,M,Passo Fundo,Rio Grande do Sul,2008,Beijing,Volleyball,Volleyball Men's Volleyball,Silver
Murilo Endres,M,Passo Fundo,Rio Grande do Sul,2012,London,Volleyball,Volleyball Men's Volleyball,Silver
Nalbert Tavares Bitencourt,M,Rio de Janeiro,Rio de Janeiro,2004,Athina,Volleyball,Volleyball Men's Volleyball,Gold
Narciso dos Santos,M,Neópolis,Sergipe,1996,Atlanta,Football,Football Men's Football,Bronze
André Luiz da Silva Nascimento,M,São João de Meriti,Rio de Janeiro,2004,Athina,Volleyball,Volleyball Men's Volleyball,Gold
André Luiz da Silva Nascimento,M,São João de Meriti,Rio de Janeiro,2008,Beijing,Volleyball,Volleyball Men's Volleyball,Silver
Natália Zílio Pereira,F,Ponta Grossa,Paraná,2012,London,Volleyball,Volleyball Women's Volleyball,Gold
Marcelo Teles Negrão,M,São Paulo,São Paulo,1992,Barcelona,Volleyball,Volleyball Men's Volleyball,Gold
José Ferreira Neto,M,Santo Antônio de Posse,São Paulo,1988,Seoul,Football,Football Men's Football,Silver
Norberto Murara Neto,M,Araxá,Minas Gerais,2012,London,Football,Football Men's Football,Silver
Leandro Vissotto Neves,M,Rio de Janeiro,Rio de Janeiro,2012,London,Volleyball,Volleyball Men's Volleyball,Silver
Thiago Neves Augusto,M,Curitiba,Paraná,2008,Beijing,Football,Football Men's Football,Bronze
Neymar da Silva Santos Júnior,M,Mogi das Cruzes,São Paulo,2012,London,Football,Football Men's Football,Silver
Neymar da Silva Santos Júnior,M,Mogi das Cruzes,São Paulo,2016,Rio de Janeiro,Football,Football Men's Football,Gold
Tetsuo Okamoto,M,Marília,São Paulo,1952,Helsinki,Swimming,"Swimming Men's 1,500 metres Freestyle",Bronze
Poliana Okimoto-Cintra,F,São Paulo,São Paulo,2016,Rio de Janeiro,Swimming,Swimming Women's 10 kilometres Open Water,Bronze
Fernanda Ryff Moreira Oliveira,F,Porto Alegre,Rio Grande do Sul,2008,Beijing,Sailing,Sailing Women's Two Person Dinghy,Bronze
Luiz Yoshio Onmura,M,São Paulo,São Paulo,1984,Los Angeles,Judo,Judo Men's Lightweight,Bronze
Oscar dos Santos Emboaba Júnior,M,Americana,São Paulo,2012,London,Football,Football Men's Football,Silver
Nilton Pacheco de Oliveira,M,Salvador,Bahia,1948,London,Basketball,Basketball Men's Basketball,Bronze
"André Felipe ""Pampa"" Falbo Ferreira",M,Recife,Pernambuco,1992,Barcelona,Volleyball,Volleyball Men's Volleyball,Gold
Guilherme Paraense,M,Belém,Pará,1920,Antwerpen,Shooting,"Shooting Men's Free Pistol, 50 metres, Team",Bronze
Guilherme Paraense,M,Belém,Pará,1920,Antwerpen,Shooting,"Shooting Men's Military Pistol, 30 metres",Gold
Maria Paula Gonçalves da Silva,F,Osvaldo Cruz,São Paulo,1996,Atlanta,Basketball,Basketball Women's Basketball,Silver
Paula Renata Marques Pequeno,F,Brasília,Distrito Federal,2008,Beijing,Volleyball,Volleyball Women's Volleyball,Gold
Paula Renata Marques Pequeno,F,Brasília,Distrito Federal,2012,London,Volleyball,Volleyball Women's Volleyball,Gold
"Paulo André ""Paulão"" Jukoski da Silva",M,Porto Alegre,Rio Grande do Sul,1992,Barcelona,Volleyball,Volleyball Men's Volleyball,Gold
"Henrique ""Kiko"" Pellicano",M,Rio de Janeiro,Rio de Janeiro,1996,Atlanta,Sailing,Sailing Mixed Multihull,Bronze
Eduardo Henrique Gomes Penido,M,Rio de Janeiro,Rio de Janeiro,1980,Moskva,Sailing,Sailing Mixed Two Person Dinghy,Gold
Thiago Machado Vilela Pereira,M,Volta Redonda,Rio de Janeiro,2012,London,Swimming,Swimming Men's 400 metres Individual Medley,Silver
Rodrigo de Paula Pessoa,M,Paris,Exterior,1996,Atlanta,Equestrianism,"Equestrianism Mixed Jumping, Team",Bronze
Rodrigo de Paula Pessoa,M,Paris,Exterior,2000,Sydney,Equestrianism,"Equestrianism Mixed Jumping, Team",Bronze
Rodrigo de Paula Pessoa,M,Paris,Exterior,2004,Athina,Equestrianism,"Equestrianism Mixed Jumping, Individual",Gold
"Jorge Luiz ""Pinga"" Brum da Silva",M,Porto Alegre,Rio Grande do Sul,1984,Los Angeles,Football,Football Men's Football,Silver
Bruno Prada,M,São Paulo,São Paulo,2008,Beijing,Sailing,Sailing Men's Two Person Keelboat,Silver
Bruno Prada,M,São Paulo,São Paulo,2012,London,Sailing,Sailing Men's Two Person Keelboat,Bronze
Ricardo Prado,M,Andradina,São Paulo,1984,Los Angeles,Swimming,Swimming Men's 400 metres Individual Medley,Silver
"Delma ""Pretinha"" Gonçalves",F,Rio de Janeiro,Rio de Janeiro,2004,Athina,Football,Football Women's Football,Silver
"Delma ""Pretinha"" Gonçalves",F,Rio de Janeiro,Rio de Janeiro,2008,Beijing,Football,Football Women's Football,Silver
Nelson Prudêncio,M,Lins,São Paulo,1968,Mexico City,Athletics,Athletics Men's Triple Jump,Silver
Nelson Prudêncio,M,Lins,São Paulo,1972,Munich,Athletics,Athletics Men's Triple Jump,Bronze
Ketleyn Lima Quadros,F,Ceilândia,Distrito Federal,2008,Beijing,Judo,Judo Women's Lightweight,Bronze
Isaquias Queiroz dos Santos,M,Ubaitaba,Bahia,2016,Rio de Janeiro,Canoeing,"Canoeing Men's Canadian Singles, 200 metres",Bronze
Isaquias Queiroz dos Santos,M,Ubaitaba,Bahia,2016,Rio de Janeiro,Canoeing,"Canoeing Men's Canadian Singles, 1,000 metres",Silver
Isaquias Queiroz dos Santos,M,Ubaitaba,Bahia,2016,Rio de Janeiro,Canoeing,"Canoeing Men's Canadian Doubles, 1,000 metres",Silver
Rafael Pereira da Silva,M,Petrópolis,Rio de Janeiro,2012,London,Football,Football Men's Football,Silver
"Márcio Rafael ""Rafinha"" Ferreira de Souza",M,Londrina,Paraná,2008,Beijing,Football,Football Men's Football,Bronze
Rafael Alcântara do Nascimento,M,São Paulo,São Paulo,2016,Rio de Janeiro,Football,Football Men's Football,Gold
Ramires Santos do Nascimento,M,Barra do Piraí,Rio de Janeiro,2008,Beijing,Football,Football Men's Football,Bronze
Raquel Peluci Xavier Camargo da Silva,F,Rio de Janeiro,Rio de Janeiro,2000,Sydney,Volleyball,Volleyball Women's Volleyball,Bronze
Renan dal Zotto,M,São Leopoldo,Rio Grande do Sul,1984,Los Angeles,Volleyball,Volleyball Men's Volleyball,Silver
Renan Brito Soares,M,Viamão,Rio Grande do Sul,2008,Beijing,Football,Football Men's Football,Bronze
Renato Soares de Oliveira Augusto,M,Rio de Janeiro,Rio de Janeiro,2016,Rio de Janeiro,Football,Football Men's Football,Gold
Edson Luciano Ribeiro,M,Bandeirantes,Paraná,1996,Atlanta,Athletics,Athletics Men's 4 x 100 metres Relay,Bronze
Edson Luciano Ribeiro,M,Bandeirantes,Paraná,2000,Sydney,Athletics,Athletics Men's 4 x 100 metres Relay,Silver
Ricarda Raquel Barbosa Lima,F,Taguatinga,Distrito Federal,2000,Sydney,Volleyball,Volleyball Women's Volleyball,Bronze
"Ricardo ""Ricardinho"" Bermudez Garcia",M,São Paulo,São Paulo,2004,Athina,Volleyball,Volleyball Men's Volleyball,Gold
"Ricardo ""Ricardinho"" Bermudez Garcia",M,São Paulo,São Paulo,2012,London,Volleyball,Volleyball Men's Volleyball,Silver
Rivaldo Victor Borba Ferreira,M,Paulista,Pernambuco,1996,Atlanta,Football,Football Men's Football,Bronze
Roberto Carlos da Silva,M,Garça,São Paulo,1996,Atlanta,Football,Football Men's Football,Bronze
"Rodrigo ""Rodrigão"" Santana",M,São Paulo,São Paulo,2004,Athina,Volleyball,Volleyball Men's Volleyball,Gold
"Rodrigo ""Rodrigão"" Santana",M,São Paulo,São Paulo,2008,Beijing,Volleyball,Volleyball Men's Volleyball,Silver
"Rodrigo ""Rodrigão"" Santana",M,São Paulo,São Paulo,2012,London,Volleyball,Volleyball Men's Volleyball,Silver
Rodrigo Caio Coquette Russo,M,Dracena,São Paulo,2016,Rio de Janeiro,Football,Football Men's Football,Gold
Rodrigo Dourado Cunha,M,Pelotas,Rio Grande do Sul,2016,Rio de Janeiro,Football,Football Men's Football,Gold
Romário de Souza Faria,M,Rio de Janeiro,Rio de Janeiro,1988,Seoul,Football,Football Men's Football,Silver
Rômulo Borges Monteiro,M,Picos,Piauí,2012,London,Football,Football Men's Football,Silver
"Ronaldo Luiz Nazário ""Ronaldinho"" de Lima",M,Rio de Janeiro,Rio de Janeiro,1996,Atlanta,Football,Football Men's Football,Bronze
"Ronaldo ""Ronaldinho"" de Assis Moreira",M,Porto Alegre,Rio Grande do Sul,2008,Beijing,Football,Football Men's Football,Bronze
Ronaldo Moraes Silva,M,São Paulo,São Paulo,1984,Los Angeles,Football,Football Men's Football,Silver
Andréia Rosa de Andrade,F,São Pedro do Turvo,São Paulo,2008,Beijing,Football,Football Women's Football,Silver
"Carmo ""Rosa Branca"" de Souza",M,Araraquara,São Paulo,1960,Roma,Basketball,Basketball Men's Basketball,Bronze
"Carmo ""Rosa Branca"" de Souza",M,Araraquara,São Paulo,1964,Tokyo,Basketball,Basketball Men's Basketball,Bronze
Rosana dos Santos Augusto,F,São Paulo,São Paulo,2004,Athina,Football,Football Women's Football,Silver
Rosana dos Santos Augusto,F,São Paulo,São Paulo,2008,Beijing,Football,Football Women's Football,Silver
Roseli do Carmo Gustavo,F,Araraquara,São Paulo,1996,Atlanta,Basketball,Basketball Women's Basketball,Silver
Roseli de Belo,F,São Paulo,São Paulo,2004,Athina,Football,Football Women's Football,Silver
Rui Campos Nascimento,M,Rio de Janeiro,Rio de Janeiro,1984,Los Angeles,Volleyball,Volleyball Men's Volleyball,Silver
Lucas Saatkamp,M,Colinas,Rio Grande do Sul,2012,London,Volleyball,Volleyball Men's Volleyball,Silver
Lucas Saatkamp,M,Colinas,Rio Grande do Sul,2016,Rio de Janeiro,Volleyball,Volleyball Men's Volleyball,Gold
Samuel Fuchs,M,Curitiba,Paraná,2008,Beijing,Volleyball,Volleyball Men's Volleyball,Silver
Sandra Maria Suruagy Lima,F,Maceió,Alagoas,1996,Atlanta,Volleyball,Volleyball Women's Volleyball,Bronze
Sandro Ranieri Guimarães Cordeiro,M,Riachinho,Minas Gerais,2012,London,Football,Football Men's Football,Silver
Paulo dos Santos,M,Porto Alegre,Rio Grande do Sul,1984,Los Angeles,Football,Football Men's Football,Silver
"Wélissa ""Sassá"" de Souza Gonzaga",F,Barbacena,Minas Gerais,2008,Beijing,Volleyball,Volleyball Women's Volleyball,Gold
Sávio Bortolini Pimentel,M,Vila Velha,Espírito Santo,1996,Atlanta,Football,Football Men's Football,Bronze
Robert Scheidt,M,São Paulo,São Paulo,1996,Atlanta,Sailing,Sailing Mixed One Person Dinghy,Gold
Robert Scheidt,M,São Paulo,São Paulo,2000,Sydney,Sailing,Sailing Mixed One Person Dinghy,Silver
Robert Scheidt,M,São Paulo,São Paulo,2004,Athina,Sailing,Sailing Mixed One Person Dinghy,Gold
Robert Scheidt,M,São Paulo,São Paulo,2008,Beijing,Sailing,Sailing Men's Two Person Keelboat,Silver
Robert Scheidt,M,São Paulo,São Paulo,2012,London,Sailing,Sailing Men's Two Person Keelboat,Bronze
"Fernando ""Xuxa"" de Queiroz Scherer",M,Florianópolis,Santa Catarina,1996,Atlanta,Swimming,Swimming Men's 50 metres Freestyle,Bronze
"Fernando ""Xuxa"" de Queiroz Scherer",M,Florianópolis,Santa Catarina,2000,Sydney,Swimming,Swimming Men's 4 x 100 metres Freestyle Relay,Bronze
Ronaldo Camargo Ribeiro Senfft,M,Rio de Janeiro,Rio de Janeiro,1984,Los Angeles,Sailing,Sailing Mixed Three Person Keelboat,Silver
"Sérgio ""Sérgio Macarrão"" Toledo Machado",M,Rio de Janeiro,Rio de Janeiro,1964,Tokyo,Basketball,Basketball Men's Basketball,Bronze
Sheilla Tavares de Castro Blassioli,F,Belo Horizonte,Minas Gerais,2008,Beijing,Volleyball,Volleyball Women's Volleyball,Gold
Sheilla Tavares de Castro Blassioli,F,Belo Horizonte,Minas Gerais,2012,London,Volleyball,Volleyball Women's Volleyball,Gold
"Sidnei ""Sidão"" dos Santos Junior",M,São Caetano do Sul,São Paulo,2012,London,Volleyball,Volleyball Men's Volleyball,Silver
Alex Sandro da Silva,M,Amparo,São Paulo,2008,Beijing,Football,Football Men's Football,Bronze
Erlon de Souza Silva,M,Ubatã,Bahia,2016,Rio de Janeiro,Canoeing,"Canoeing Men's Canadian Doubles, 1,000 metres",Silver
Rafaela Lopes Silva,F,Rio de Janeiro,Rio de Janeiro,2016,Rio de Janeiro,Judo,Judo Women's Lightweight,Gold
Thiago Emiliano da Silva,M,Rio de Janeiro,Rio de Janeiro,2008,Beijing,Football,Football Men's Football,Bronze
Thiago Emiliano da Silva,M,Rio de Janeiro,Rio de Janeiro,2012,London,Football,Football Men's Football,Silver
Edvaldo Valério da Silva Filho,M,Salvador,Bahia,2000,Sydney,Swimming,Swimming Men's 4 x 100 metres Freestyle Relay,Bronze
"Silvia Andrea ""Silvinha"" Santos Luz",F,Araçatuba,São Paulo,1996,Atlanta,Basketball,Basketball Women's Basketball,Silver
"Silvia Andrea ""Silvinha"" Santos Luz",F,Araçatuba,São Paulo,2000,Sydney,Basketball,Basketball Women's Basketball,Bronze
"Silvio ""Silvinho"" Paiva",M,Franca,São Paulo,1984,Los Angeles,Football,Football Men's Football,Silver
José Edvar Simões,M,São José dos Campos,São Paulo,1964,Tokyo,Basketball,Basketball Men's Basketball,Bronze
Simone Gomes Jatobá,F,Maringá,Paraná,2008,Beijing,Football,Football Women's Football,Silver
Maicon de Andrade Siqueira,M,Justinópolis,Minas Gerais,2016,Rio de Janeiro,Taekwondo,Taekwondo Men's Heavyweight,Bronze
Marcos Pinto Rizzo Soares,M,Rio de Janeiro,Rio de Janeiro,1980,Moskva,Sailing,Sailing Mixed Two Person Dinghy,Gold
Rafael Augusto Sóbis do Nascimento,M,Erechim,Rio Grande do Sul,2008,Beijing,Football,Football Men's Football,Bronze
Marta de Souza Sobral,F,São Paulo,São Paulo,1996,Atlanta,Basketball,Basketball Women's Basketball,Silver
Marta de Souza Sobral,F,São Paulo,São Paulo,2000,Sydney,Basketball,Basketball Women's Basketball,Bronze
Fernando Soledade,M,Rio de Janeiro,Rio de Janeiro,1920,Antwerpen,Shooting,"Shooting Men's Free Pistol, 50 metres, Team",Bronze
Massinet Sorcinelli,M,São Paulo,São Paulo,1948,London,Basketball,Basketball Men's Basketball,Bronze
Cláudio Roberto Souza,M,Teresina,Piauí,2000,Sydney,Athletics,Athletics Men's 4 x 100 metres Relay,Silver
Douglas Correia de Souza,M,Santa Bárbara d'Oeste,São Paulo,2016,Rio de Janeiro,Volleyball,Volleyball Men's Volleyball,Gold
Maurício Luiz de Souza,M,Iturama,Minas Gerais,2016,Rio de Janeiro,Volleyball,Volleyball Men's Volleyball,Gold
Antônio Salvador Sucar,M,Lules,Exterior,1960,Roma,Basketball,Basketball Men's Basketball,Bronze
Antônio Salvador Sucar,M,Lules,Exterior,1964,Tokyo,Basketball,Basketball Men's Basketball,Bronze
Isabel Marques Swan,F,Rio de Janeiro,Rio de Janeiro,2008,Beijing,Sailing,Sailing Women's Two Person Dinghy,Bronze
Cláudio André Mergen Taffarel,M,Santa Rosa,Rio Grande do Sul,1988,Seoul,Football,Football Men's Football,Silver
Talmo Curto de Oliveira,M,Itabira,Minas Gerais,1992,Barcelona,Volleyball,Volleyball Men's Volleyball,Gold
Tandara Caixeta,F,Brasília,Distrito Federal,2012,London,Volleyball,Volleyball Women's Volleyball,Gold
"Alexandre ""Tande"" Ramos Samuel",M,Resende,Rio de Janeiro,1992,Barcelona,Volleyball,Volleyball Men's Volleyball,Gold
"Tânia Maria ""Tânia Maranhão"" Pereira Ribeiro",F,São Luís,Maranhão,2004,Athina,Football,Football Women's Football,Silver
"Tânia Maria ""Tânia Maranhão"" Pereira Ribeiro",F,São Luís,Maranhão,2008,Beijing,Football,Football Women's Football,Silver
Thaísa Daher de Menezes,F,Rio de Janeiro,Rio de Janeiro,2008,Beijing,Volleyball,Volleyball Women's Volleyball,Gold
Thaísa Daher de Menezes,F,Rio de Janeiro,Rio de Janeiro,2012,London,Volleyball,Volleyball Women's Volleyball,Gold
Thiago Maia Alencar,M,Boa Vista,Roraima,2016,Rio de Janeiro,Football,Football Men's Football,Gold
"Antônio José ""Tonho"" Gil",M,Criciúma,Santa Catarina,1984,Los Angeles,Football,Football Men's Football,Silver
Bruno Uvini Bortolança,M,Capivari,São Paulo,2012,London,Football,Football Men's Football,Silver
"Valeska ""Valeskinha"" dos Santos Menezes",F,Niterói,Rio de Janeiro,2008,Beijing,Volleyball,Volleyball Women's Volleyball,Gold
Sandro Ricardo Rodrigues Viana,M,Manaus,Amazonas,2008,Beijing,Athletics,Athletics Men's 4 x 100 metres Relay,Bronze
Douglas Eduardo Vieira,M,Londrina,Paraná,1984,Los Angeles,Judo,Judo Men's Half-Heavyweight,Silver
Virna Cristine Dantes Dias,F,Natal,Rio Grande do Norte,1996,Atlanta,Volleyball,Volleyball Women's Volleyball,Bronze
Virna Cristine Dantes Dias,F,Natal,Rio Grande do Norte,2000,Sydney,Volleyball,Volleyball Women's Volleyball,Bronze
Walace Souza Silva,M,Salvador,Bahia,2016,Rio de Janeiro,Football,Football Men's Football,Gold
Walewska Moreira de Oliveira,F,Belo Horizonte,Minas Gerais,2000,Sydney,Volleyball,Volleyball Women's Volleyball,Bronze
Walewska Moreira de Oliveira,F,Belo Horizonte,Minas Gerais,2008,Beijing,Volleyball,Volleyball Women's Volleyball,Gold
Wallace Leandro de Souza,M,Rio de Janeiro,Rio de Janeiro,2012,London,Volleyball,Volleyball Men's Volleyball,Silver
Wallace Leandro de Souza,M,Rio de Janeiro,Rio de Janeiro,2016,Rio de Janeiro,Volleyball,Volleyball Men's Volleyball,Gold
Alexandre Welter,M,São Paulo,São Paulo,1980,Moskva,Sailing,Sailing Mixed Multihull,Gold
Weverton Pereira da Silva,M,Rio Branco,Acre,2016,Rio de Janeiro,Football,Football Men's Football,Gold
William Carvalho da Silva,M,São Paulo,São Paulo,1984,Los Angeles,Volleyball,Volleyball Men's Volleyball,Silver
William de Asevedo Furtado,M,Pelotas,Rio Grande do Sul,2016,Rio de Janeiro,Football,Football Men's Football,Gold
Luís Carlos Coelho Winck,M,Portão,Rio Grande do Sul,1984,Los Angeles,Football,Football Men's Football,Silver
Luís Carlos Coelho Winck,M,Portão,Rio Grande do Sul,1988,Seoul,Football,Football Men's Football,Silver
Sebastião Wolf,M,Gößweinstein,Exterior,1920,Antwerpen,Shooting,"Shooting Men's Free Pistol, 50 metres, Team",Bronze
Felipe Almeida Wu,M,São Paulo,São Paulo,2016,Rio de Janeiro,Shooting,"Shooting Men's Air Pistol, 10 metres",Silver
"Mário ""Xandó"" de Oliveira Neto",M,Poços de Caldas,Minas Gerais,1984,Los Angeles,Volleyball,Volleyball Men's Volleyball,Silver
"Ilisaine Karen ""Zaine"" David",F,Jundiaí,São Paulo,2000,Sydney,Basketball,Basketball Women's Basketball,Bronze
Arthur Nabarrete Zanetti,M,São Caetano do Sul,São Paulo,2012,London,Gymnastics,Gymnastics Men's Rings,Gold
Arthur Nabarrete Zanetti,M,São Caetano do Sul,São Paulo,2016,Rio de Janeiro,Gymnastics,Gymnastics Men's Rings,Silver
"José Elias ""Zé Elias"" Moedim Júnior",M,São Paulo,São Paulo,1996,Atlanta,Football,Football Men's Football,Bronze
"José Marcelo ""Zé Maria"" Ferreira",M,Oeiras,Piauí,1996,Atlanta,Football,Football Men's Football,Bronze
José Carlos Cracco Neto,M,Paranavaí,Paraná,2016,Rio de Janeiro,Football,Football Men's Football,Gold
Ítalo Ferreira,M,Baía Formosa,Rio Grande do Norte,2020,Tokyo,Surfing,Surfing Men's shortboard,Gold
Rebeca Andrade,F,Guarulhos,São Paulo,2020,Tokyo,Gymnastics,Gymnastics Women's vault,Gold
Martine Grael,F,Niterói,Rio de Janeiro,2020,Tokyo,Sailing,Sailing Women's Skiff,Gold
Kahena Kunze,F,São Paulo,São Paulo,2020,Tokyo,Sailing,Sailing Women's Skiff,Gold
Ana Marcela Cunha,F,Salvador,Bahia,2020,Tokyo,Swimming,Swimming Women's 10 kilometres Open Water,Gold
Isaquias Queiroz dos Santos,M,Ubaitaba,Bahia,2020,Tokyo,Canoeing,"Canoeing Men's Canadian Singles, 1,000 metres",Silver
Hebert Conceição,M,Salvador,Bahia,2020,Tokyo,Boxing,Boxing Men's Middleweight,Gold
Aderbar Melo dos Santos Neto,M,Campina Grande,Paraíba,2020,Tokyo,Football,Football Men's Football,Gold
Gabriel Vinicius Menino,M,Morungaba,São Paulo,2020,Tokyo,Football,Football Men's Football,Gold
Diego Carlos Santos Silva,M,Barra Bonita,São Paulo,2020,Tokyo,Football,Football Men's Football,Gold
Douglas Luiz Soares de Paulo,M,Rio de Janeiro,Rio de Janeiro,2020,Tokyo,Football,Football Men's Football,Gold
Bruno Guimarães Rodriguez Moura,M,Rio de Janeiro,Rio de Janeiro,2020,Tokyo,Football,Football Men's Football,Gold
Guilherme Antonio Arana Lopes,M,São Paulo,São Paulo,2020,Tokyo,Football,Football Men's Football,Gold
Ricardo Queiroz de Alencastro Graça,M,Rio de Janeiro,Rio de Janeiro,2020,Tokyo,Football,Football Men's Football,Gold
Paulo Henrique Sampaio Filho,M,Rio de Janeiro,Rio de Janeiro,2020,Tokyo,Football,Football Men's Football,Gold
Matheus Santos Carneiro da Cunha,M,João Pessoa,Paraíba,2020,Tokyo,Football,Football Men's Football,Gold
Richarlison de Andrade,M,Nova Venécia,Espírito Santo,2020,Tokyo,Football,Football Men's Football,Gold
Antony Matheus dos Santos,M,Osasco,São Paulo,2020,Tokyo,Football,Football Men's Football,Gold
Brenno Oliveira Fraga Cost,M,Sorocaba,São Paulo,2020,Tokyo,Football,Football Men's Football,Gold
Daniel Alves da Silva,M,Juazeiro,Bahia,2020,Tokyo,Football,Football Men's Football,Gold
Bruno de Lara Fuchs,M,Ponta Grossa,Paraná,2020,Tokyo,Football,Football Men's Football,Gold
Marcilio Florencio Mota Filho,M,Recife,Pernambuco,2020,Tokyo,Football,Football Men's Football,Gold
Abner Vinícius da Silva Santos,M,Presidente Prudente,São Paulo,2020,Tokyo,Football,Football Men's Football,Gold
Malcom Filipe Silva de Oliveira,M,São Paulo,São Paulo,2020,Tokyo,Football,Football Men's Football,Gold
Matheus Henrique de Souza,M,São Paulo,São Paulo,2020,Tokyo,Football,Football Men's Football,Gold
Reinier Jesus Carvalho,M,Brasília,Distrito Federal,2020,Tokyo,Football,Football Men's Football,Gold
Cláudio "Claudinho" Luiz Rodrigues Parise Leonel,M,Guarulhos,São Paulo,2020,Tokyo,Football,Football Men's Football,Gold
Gabriel Teodoro Martinelli Silva,M,Guarulhos,São Paulo,2020,Tokyo,Football,Football Men's Football,Gold
Lucas Alexandre Galdino de Azevedo,M,Barra Mansa,Rio de Janeiro,2020,Tokyo,Football,Football Men's Football,Gold
Kelvin Hoefler,M,Guarujá,São Paulo,2020,Tokyo,Skateboarding,Skateboarding Men's street,Silver
Rayssa Leal,F,Imperatriz,Maranhão,2020,Tokyo,Skateboarding,Skateboarding Women's street,Silver
Rebeca Andrade,F,Guarulhos,São Paulo,2020,Tokyo,Gymnastics,Gymnastics Women's all-around,Silver
Pedro Barros,M,Florianópolis,Santa Catarina,2020,Tokyo,Skateboarding,Skateboarding Men's park,Silver
Beatriz Ferreira,F,Salvador,Bahia,2020,Tokyo,Boxing,Boxing Women's Lightweight,Silver
Carol Gattaz,F,São José do Rio Preto,São Paulo,2020,Tokyo,Volleyball,Volleyball Women's Volleyball,Silver
Rosamaria Montibeller,F,Nova Trento,Santa Catarina,2020,Tokyo,Volleyball,Volleyball Women's Volleyball,Silver
Macris Carneiro,F,Santo André,São Paulo,2020,Tokyo,Volleyball,Volleyball Women's Volleyball,Silver
Roberta Ratzke,F,Curitiba,Paraná,2020,Tokyo,Volleyball,Volleyball Women's Volleyball,Silver
Gabi Guimarães,F,Belo Horizonte,Minas Gerais,2020,Tokyo,Volleyball,Volleyball Women's Volleyball,Silver
Natália Pereira,F,Ponta Grossa,Paraná,2020,Tokyo,Volleyball,Volleyball Women's Volleyball,Silver
Ana Carolina,F,Belo Horizonte,Minas Gerais,2020,Tokyo,Volleyball,Volleyball Women's Volleyball,Silver
Fernanda Garay,F,Porto Alegre,Rio Grande do Sul,2020,Tokyo,Volleyball,Volleyball Women's Volleyball,Silver
Ana Cristina,F,Rio de Janeiro,Rio de Janeiro,2020,Tokyo,Volleyball,Volleyball Women's Volleyball,Silver
Camila Brait,F,Frutal,Minas Gerais,2020,Tokyo,Volleyball,Volleyball Women's Volleyball,Silver
Ana Beatriz,F,Sorocaba,São Paulo,2020,Tokyo,Volleyball,Volleyball Women's Volleyball,Silver
Tandara Alves Caixeta,F,Brasília,Distrito Federal,2020,Tokyo,Volleyball,Volleyball Women's Volleyball,Silver
Daniel Cargnin,M,Porto Alegre,Rio Grande do Sul,2020,Tokyo,Judo,Judo Men's Half-Lightweight,Bronze
Fernando Scheffer,M,Canoas,Rio Grande do Sul,2020,Tokyo,Swimming,Swimming Men's 200 metres Freestyle,Bronze
Mayra Aguiar,F,Porto Alegre,Rio Grande do Sul,2020,Tokyo,Judo,Judo Women's Half-Heavyweight,Bronze
Laura Pigossi,F,São Paulo,São Paulo,2020,Tokyo,Tennis,Tennis Women's doubles,Bronze
Luisa Stefani,F,São Paulo,São Paulo,2020,Tokyo,Tennis,Tennis Women's doubles,Bronze
Bruno Fratus,M,Macaé,Rio de Janeiro,2020,Tokyo,Swimming,Swimming Men's 50 metres Freestyle,Bronze
Alison dos Santos,M,São Joaquim da Barra,São Paulo,2020,Tokyo,Athletics,Athletics Men's 400 metres hurdles,Bronze
Abner Teixeira,M,Osasco,São Paulo,2020,Tokyo,Boxing,Boxing Men's Heavyweight,Bronze
Thiago Braz,M,Marília,São Paulo,2020,Tokyo,Athletics,Athletics Men's Pole Vault,Bronze